170,ESCALERA,AC
171,CIRCULACION DE SERVICIO,AC
172,CUARTO DE SERVICIO 1,AC
173,CUARTO DE SERVICIO 2,AC
174,CUARTO DE SERVICIO 3,AC
175,CUARTO DE SERVICIO 4,AC
176,PASILLO DE SERVICIO 1,AC
177,PASILLO DE SERVICIO 2,AC
178,PASILLO DE SERVICIO 3,AC
179,PASILLO DE SERVICIO 4,AC
180,ESCALERA,AC
181,CIRCULACION DE SERVICIO ,AC
182,CUARTO DE SERVICIO 1,AC
183,CUARTO DE SERVICIO 2,AC
184,CUARTO DE SERVICIO 3,AC
185,CUARTO DE SERVICIO 4,AC
186,PASILLO DE SERVICIO 1,AC
187,PASILLO DE SERVICIO 2,AC
188,PASILLO DE SERVICIO 3,AC
189,PASILLO DE SERVICIO 4,AC